DealerId,VIN,Stock #,New/Used,Year,Make,Model,Model Number,Body,Transmission,Series,Body Door Ct,Odometer,Engine Cylinder Ct,Engine Displacement,Drivetrain Desc,Colour,Interior Color,MSRP,Price,Inventory Date,Certified,Description,Features,Photo Url List,City MPG,Highway MPG,Photos Last Modified Date,Series Detail,Dealer Name,Engine,Fuel,Age,Cost
TC2276,3C4PDDFG8CT178535,F617A,U,2012,Dodge,Journey,JCES49,4D Sport Utility,6-Speed Automatic,R/T,4,134259,6,3.6,AWD,Brilliant Black Crystal Pearlcoat,,,,03/06/2020,,,"3.16 Axle Ratio|Leather Trimmed Bucket Seats|Performance Suspension|Radio: Uconnect Touch 8.4 Media Centre|Engine Oil Cooler|4.3"" Touch Screen Display|SIRIUS Satellite Radio|Audio Jack Input for Mobile Devices|Remote USB Port|Park-Sense Rear Park Assist System|Universal Garage Door Opener|Speed-Sensitive Wipers|7 Speakers|Compass|AM/FM radio: SIRIUS|Bumpers: body-colour|4-Wheel Disc Brakes|Air Conditioning|Electronic Stability Control|Front Bucket Seats|Rear Parking Sensors|Roof rack|Tachometer|ABS brakes|Adjustable head restraints: driver and passenger w/tilt|Alloy wheels|Anti-whiplash front head restraints|Automatic temperature control|Block heater|Brake assist|CD player|DVD-Audio|Delay-off headlights|Driver door bin|Driver vanity mirror|Dual front impact airbags|Dual front side impact airbags|Four wheel independent suspension|Front anti-roll bar|Front dual zone A/C|Front fog lights|Front reading lights|Fully automatic headlights|Garage door transmitter|Heated door mirrors|Heated front seats|Illuminated entry|Knee airbag|Low tire pressure warning|MP3 decoder|Occupant sensing airbag|Outside temperature display|Overhead airbag|Overhead console|Panic alarm|Passenger door bin|Passenger vanity mirror|Power door mirrors|Power driver seat|Power steering|Power windows|Radio data system|Rear anti-roll bar|Rear reading lights|Rear window defroster|Rear window wiper|Remote keyless entry|Security system|Speed control|Speed-sensing steering|Split folding rear seat|Steering wheel mounted audio controls|Telescoping steering wheel|Tilt steering wheel|Traction control|Trip computer|Variably intermittent wipers|Auto-dimming Rear-View mirror",,18.1,28,,,DriveNation - Saskatoon II,3.6L V6 VVT,Gasoline,45,
TC2276,2GNAXXEVXL6100218,F824,U,2020,Chevrolet,Equinox,1XZ26,4D Sport Utility,6-Speed Automatic Electronic with Overdrive,Premier,4,35252,4,1.5,AWD,Mosaic Black Metallic,,,28998,03/04/2020,Yes,,3.87 Final Drive Axle Ratio|Perforated Leather-Appointed Seat Trim|Radio: Chevrolet Infotainment 3 Plus System|Front Passenger 4-Way Manual Seat Adjuster|Heated Driver & Front Passenger Seats|SiriusXM|Bluetooth® For Phone|2 Rear USB Charging-Only Ports|6 Speaker Audio System Feature|4-Wheel Disc Brakes|6 Speakers|Air Conditioning|Electronic Stability Control|Front Bucket Seats|Power Liftgate|Rear Parking Sensors|Spoiler|Tachometer|ABS brakes|Alloy wheels|Auto-dimming door mirrors|Automatic temperature control|Brake assist|Delay-off headlights|Driver door bin|Driver vanity mirror|Dual front impact airbags|Dual front side impact airbags|Four wheel independent suspension|Front anti-roll bar|Front dual zone A/C|Front fog lights|Front reading lights|Fully automatic headlights|Garage door transmitter|Heated door mirrors|Heated front seats|Illuminated entry|Low tire pressure warning|Memory seat|Occupant sensing airbag|Outside temperature display|Overhead airbag|Overhead console|Panic alarm|Passenger door bin|Passenger vanity mirror|Power door mirrors|Power driver seat|Power steering|Power windows|Radio data system|Rear anti-roll bar|Rear reading lights|Rear window defroster|Rear window wiper|Remote keyless entry|Roof rack: rails only|Security system|Speed control|Speed-sensing steering|Split folding rear seat|Steering wheel mounted audio controls|Telescoping steering wheel|Tilt steering wheel|Traction control|Trip computer|Turn signal indicator mirrors|Variably intermittent wipers|Auto-dimming Rear-View mirror|Compass|AM/FM radio: SiriusXM|Wireless phone connectivity: Bluetooth|Premium audio system: Chevrolet MyLink|Bumpers: body-colour|Auto High-beam Headlights|Emergency communication system: OnStar and Chevrolet connected services capable,,25.3,29.4,,,DriveNation - Saskatoon II,1.5L DOHC,Gasoline,47,
TC2276,1GNKVGKD6FJ249254,F668,U,2015,Chevrolet,Traverse,CV14526,4D Sport Utility,6-Speed Automatic,LT,4,85049,6,3.6,AWD,White,,,20785,10/22/2019,,,3.16 Axle Ratio|8-Passenger Seating (2-3-3 Seating Configuration)|Premium Cloth Seat Trim|Heated Driver & Front Passenger Seats|8-Way Power Driver Seat w/Power Recline & Lumbar|Radio: Colour Touch AM/FM w/CD Player|Front Row Side-Impact Air Bags|Body-Colour Bodyside Mouldings|Remote Vehicle Start|Single-Zone Manual Front Climate Control|Body-Colour Heated Pwr-Adjustable Outside Mirrors|Leather-Wrapped Steering Wheel|Front Fog Lamps|Interior Wood Grain Centre Stack & Interior Trim|SiriusXM Satellite Radio|Rear Park Assist|Enhanced Driver Information Centre|Bluetooth® For Phone|Standard Speaker System|4-Wheel Disc Brakes|6 Speakers|Air Conditioning|Electronic Stability Control|Front Bucket Seats|Rear Parking Sensors|Spoiler|Tachometer|Voltmeter|3rd row seats: split-bench|ABS brakes|Adjustable head restraints: driver and passenger w/tilt|Alloy wheels|Brake assist|CD player|Delay-off headlights|Driver door bin|Driver vanity mirror|Dual front impact airbags|Dual front side impact airbags|Emergency communication system|Four wheel independent suspension|Front anti-roll bar|Front fog lights|Front reading lights|Fully automatic headlights|Heated door mirrors|Heated front seats|Illuminated entry|Low tire pressure warning|MP3 decoder|Occupant sensing airbag|Outside temperature display|Overhead airbag|Panic alarm|Passenger door bin|Passenger vanity mirror|Power door mirrors|Power driver seat|Power steering|Power windows|Radio data system|Rear air conditioning|Rear anti-roll bar|Rear reading lights|Rear window defroster|Rear window wiper|Remote keyless entry|Roof rack: rails only|Security system|Speed control|Split folding rear seat|Steering wheel mounted audio controls|Telescoping steering wheel|Tilt steering wheel|Traction control|Trip computer|Turn signal indicator mirrors|Variably intermittent wipers|Compass|AM/FM radio: SiriusXM|Bumpers: body-colour|Exterior Parking Camera Rear,,16.1,23.1,,,DriveNation - Saskatoon II,3.6L V6 SIDI,Gasoline,181,
TC2276,ML32A3HJ2FH039321,F724,U,2015,Mitsubishi,Mirage,CG44-A,4D Hatchback,CVT,ES,4,80216,3,1.2,FWD,White,,,8990,12/17/2019,,,"Wheels: 14"" Steel w/Wheel Covers|Fabric Seating Surfaces|Radio: 140W AM/FM CD/MP3 Stereo w/4 Speakers|4 Speakers|Electronic Stability Control|Front Bucket Seats|Spoiler|Tachometer|ABS brakes|AM/FM radio|Brake assist|CD player|Driver door bin|Driver vanity mirror|Dual front impact airbags|Dual front side impact airbags|Front anti-roll bar|Front reading lights|Front wheel independent suspension|Knee airbag|Occupant sensing airbag|Overhead airbag|Passenger door bin|Power door mirrors|Power steering|Power windows|Rear window defroster|Rear window wiper|Split folding rear seat|Tilt steering wheel|Traction control|Trip computer|Variably intermittent wipers|Front beverage holders|Bumpers: body-colour",,36.8,44.4,,,DriveNation - Saskatoon II,1.2L 3-Cylinder DOHC MIVEC,Gasoline,125,
TC2276,3C4PDDFG4FT618870,F796,U,2015,Dodge,Journey,JCES49,4D Sport Utility,6-Speed Automatic,R/T,4,82392,6,3.6,AWD,Blue,,,17899,01/30/2020,,,"3.16 Axle Ratio|Wheels: 19"" x 7"" Aluminum|Leather-Faced Seats|Performance Suspension|Radio: Uconnect 8.4 CD/DVD/MP3|Park-Sense Rear Park Assist System|Universal Garage Door Opener|Auto-dimming Rear-View mirror|Speed-Sensitive Wipers|7 Speakers|Compass|AM/FM radio: SiriusXM|Bumpers: body-colour|4-Wheel Disc Brakes|Air Conditioning|Electronic Stability Control|Front Bucket Seats|Rear Parking Sensors|Roof rack|Tachometer|ABS brakes|Adjustable head restraints: driver and passenger w/tilt|Anti-whiplash front head restraints|Automatic temperature control|Block heater|Brake assist|CD player|DVD-Audio|Delay-off headlights|Driver door bin|Driver vanity mirror|Dual front impact airbags|Dual front side impact airbags|Four wheel independent suspension|Front anti-roll bar|Front dual zone A/C|Front fog lights|Front reading lights|Fully automatic headlights|Garage door transmitter|Heated door mirrors|Heated front seats|Heated steering wheel|Illuminated entry|Knee airbag|Low tire pressure warning|MP3 decoder|Occupant sensing airbag|Outside temperature display|Overhead airbag|Overhead console|Panic alarm|Passenger door bin|Passenger vanity mirror|Power door mirrors|Power driver seat|Power steering|Power windows|Radio data system|Rear anti-roll bar|Rear reading lights|Rear window defroster|Rear window wiper|Remote keyless entry|Security system|Speed control|Speed-sensing steering|Split folding rear seat|Steering wheel mounted audio controls|Telescoping steering wheel|Tilt steering wheel|Traction control|Trip computer|Variably intermittent wipers",,16.2,23.8,,,DriveNation - Saskatoon II,Pentastar 3.6L V6 VVT,Gasoline,81,
TC2276,1FMCU9GX9FUB43647,F797,U,2015,Ford,Escape,U9G,4D Sport Utility,6-Speed Automatic with Select-Shift,SE,4,137190,4,1.6,AWD,Ingot Silver,,,13997,01/31/2020,,,3.51 Axle Ratio|Heated Cloth Buckets w/60/40 Rear Seat|AM/FM Single CD/MP3 Capable|Ford SYNC Communications & Entertainment System|AM/FM radio: SIRIUS|Bumpers: body-colour|Exterior Parking Camera Rear|4-Wheel Disc Brakes|6 Speakers|Air Conditioning|Electronic Stability Control|Front Bucket Seats|Spoiler|Tachometer|ABS brakes|Adjustable head restraints: driver and passenger w/tilt|Alloy wheels|Block heater|Brake assist|CD player|Delay-off headlights|Driver door bin|Driver vanity mirror|Dual front impact airbags|Dual front side impact airbags|Four wheel independent suspension|Front anti-roll bar|Front fog lights|Front reading lights|Fully automatic headlights|Heated front seats|Illuminated entry|Knee airbag|Low tire pressure warning|MP3 decoder|Occupant sensing airbag|Outside temperature display|Overhead airbag|Overhead console|Panic alarm|Passenger door bin|Passenger vanity mirror|Power door mirrors|Power steering|Power windows|Radio data system|Rear anti-roll bar|Rear window defroster|Rear window wiper|Remote keyless entry|Speed control|Speed-sensing steering|Split folding rear seat|Steering wheel mounted audio controls|Telescoping steering wheel|Tilt steering wheel|Traction control|Trip computer|Variably intermittent wipers|Compass,,22.2,29.4,,,DriveNation - Saskatoon II,EcoBoost 1.6L I4 GTDi DOHC Turbocharged VCT,Gasoline,80,
TC2276,1C4PJMAS1FW680399,F787,U,2015,Jeep,Cherokee,KLJL74,4D Sport Utility,9-Speed Automatic,Sport,4,56850,6,3.2,4WD,Brilliant Black Crystal Pearlcoat,Black,,18517,01/27/2020,,,"3.734 Axle Ratio|17"" x 7"" Steel Wheels|Cloth Bucket Seats|Normal Duty Suspension|Radio: Uconnect 5.0 AM/FM/BT|4-Wheel Disc Brakes|6 Speakers|Air Conditioning|Electronic Stability Control|Front Bucket Seats|Spoiler|Tachometer|Voltmeter|ABS brakes|AM/FM radio|Anti-whiplash front head restraints|Block heater|Brake assist|Delay-off headlights|Driver door bin|Driver vanity mirror|Dual front impact airbags|Dual front side impact airbags|Four wheel independent suspension|Front anti-roll bar|Front reading lights|Illuminated entry|Knee airbag|Low tire pressure warning|Occupant sensing airbag|Outside temperature display|Overhead airbag|Overhead console|Panic alarm|Passenger door bin|Passenger vanity mirror|Power door mirrors|Power steering|Power windows|Radio data system|Rear anti-roll bar|Rear reading lights|Rear side impact airbag|Rear window defroster|Rear window wiper|Remote keyless entry|Speed control|Speed-sensing steering|Split folding rear seat|Telescoping steering wheel|Tilt steering wheel|Traction control|Trip computer|Variably intermittent wipers|Front beverage holders|Compass|Bumpers: body-colour",,20.3,27.7,,,DriveNation - Saskatoon II,Pentastar 3.2L V6 VVT,Gasoline,84,
TC2276,1FADP3F28FL309459,F795A,U,2015,Ford,Focus,P3F,4D Sedan,5-Speed Manual,SE,4,90035,4,2,FWD,Tuxedo Black,grey,,12774,03/07/2020,Yes,,"16"" Painted Aluminum Wheels|Cloth Standard Bucket Seats|Radio: AM/FM Single-CD/MP3 w/6-Speakers|SYNC Communications & Entertainment System|Exterior Parking Camera Rear|6 Speakers|Air Conditioning|Electronic Stability Control|Front Bucket Seats|Tachometer|ABS brakes|AM/FM radio|Brake assist|CD player|Delay-off headlights|Driver door bin|Driver vanity mirror|Dual front impact airbags|Dual front side impact airbags|Four wheel independent suspension|Front anti-roll bar|Front reading lights|Fully automatic headlights|Illuminated entry|Knee airbag|Low tire pressure warning|MP3 decoder|Occupant sensing airbag|Outside temperature display|Overhead airbag|Panic alarm|Passenger door bin|Passenger vanity mirror|Power door mirrors|Power steering|Power windows|Radio data system|Rear anti-roll bar|Rear window defroster|Remote keyless entry|Speed control|Split folding rear seat|Steering wheel mounted audio controls|Telescoping steering wheel|Tilt steering wheel|Traction control|Trip computer|Variably intermittent wipers|Compass|Bumpers: body-colour|Powertrain warranty: 60 months/100,000km",,25.3,35.1,,,DriveNation - Saskatoon II,2.0L I4 DGI Flex Fuel Ti-VCT,Flex Fuel,44,
TC2276,JA4JZ3AX0GZ601397,F727,U,2016,Mitsubishi,Outlander,CO45-G,4D Sport Utility,6-Speed Sportronic with Paddle-Shifters,SE,4,62159,6,3,4WD,Labrador Black Pearl,,,19999,12/31/2019,,,3.36 Axle Ratio|Heated Front Bucket Seats|Fabric Seating Surfaces w/Contrast Stitching|AM/FM/CD/MP3 Audio|4-Wheel Disc Brakes|6 Speakers|Air Conditioning|Electronic Stability Control|Front Bucket Seats|Leather Shift Knob|Spoiler|Tachometer|3rd row seats: split-bench|ABS brakes|AM/FM radio|Alloy wheels|Automatic temperature control|Brake assist|CD player|Driver door bin|Driver vanity mirror|Dual front impact airbags|Dual front side impact airbags|Four wheel independent suspension|Front anti-roll bar|Front dual zone A/C|Front fog lights|Front reading lights|Heated door mirrors|Heated front seats|Illuminated entry|Knee airbag|Low tire pressure warning|Occupant sensing airbag|Outside temperature display|Overhead airbag|Panic alarm|Passenger door bin|Passenger vanity mirror|Power door mirrors|Power steering|Power windows|Radio data system|Rear anti-roll bar|Rear window defroster|Rear window wiper|Remote keyless entry|Roof rack: rails only|Security system|Speed control|Speed-sensing steering|Split folding rear seat|Steering wheel mounted audio controls|Telescoping steering wheel|Tilt steering wheel|Traction control|Trip computer|Turn signal indicator mirrors|Variably intermittent wipers|Auto-dimming Rear-View mirror|Speed-Sensitive Wipers|Bumpers: body-colour|Proximity keyless entry,,19.8,27.7,,,DriveNation - Saskatoon II,3.0L V6 SOHC MIVEC,Gasoline,111,
TC2276,JM3KE4BY3G0837718,F816,U,2016,Mazda,CX-5,NXXL86,4D Sport Utility,6-Speed Automatic,GX,4,119689,4,2.5,AWD,Crystal White Pearl Mica,,,17335,02/24/2020,,,4.624 Axle Ratio|Front Bucket Seats|Cloth Upholstery|Radio: AM/FM/HD/ETR CD Player w/4 Speakers|Bluetooth w/Audio Profile|Convenience Package|Privacy Glass|4 Speakers|4-Wheel Disc Brakes|Air Conditioning|Electronic Stability Control|Spoiler|Tachometer|ABS brakes|AM/FM radio|Alloy wheels|Brake assist|CD player|Delay-off headlights|Driver door bin|Driver vanity mirror|Dual front impact airbags|Dual front side impact airbags|Four wheel independent suspension|Front anti-roll bar|Front reading lights|Heated door mirrors|Illuminated entry|Low tire pressure warning|Occupant sensing airbag|Outside temperature display|Overhead airbag|Overhead console|Panic alarm|Passenger door bin|Passenger vanity mirror|Power door mirrors|Power steering|Power windows|Radio data system|Rear anti-roll bar|Rear reading lights|Rear window defroster|Rear window wiper|Remote keyless entry|Speed control|Speed-sensing steering|Split folding rear seat|Steering wheel mounted audio controls|Telescoping steering wheel|Tilt steering wheel|Traction control|Trip computer|Turn signal indicator mirrors|Variably intermittent wipers|Front beverage holders|Bumpers: body-colour,,24,29.8,,,DriveNation - Saskatoon II,SKYACTIV® 2.5L 4-Cylinder DOHC 16V,Gasoline,56,
TC2276,5XYPGDA53GG136199,F717,U,2016,Kia,Sorento,74422,4D Sport Utility,6-Speed Automatic,LX,4,88406,6,3,AWD,Ebony Black,,,21998,12/16/2019,,,3.320 Axle Ratio|Heated Front Bucket Seats|YES Essentials Cloth Seat Trim|Radio: AM/FM/CD/MP3/Satellite Stereo|4-Wheel Disc Brakes|6 Speakers|Air Conditioning|Electronic Stability Control|Front Bucket Seats|Leather Shift Knob|Rear Parking Sensors|Spoiler|Tachometer|3rd row seats: split-bench|ABS brakes|Alloy wheels|Brake assist|CD player|Delay-off headlights|Driver door bin|Driver vanity mirror|Dual front impact airbags|Dual front side impact airbags|Four wheel independent suspension|Front anti-roll bar|Front fog lights|Front reading lights|Fully automatic headlights|Heated door mirrors|Heated front seats|Illuminated entry|MP3 decoder|Occupant sensing airbag|Overhead airbag|Overhead console|Panic alarm|Passenger door bin|Passenger vanity mirror|Power door mirrors|Power driver seat|Power steering|Power windows|Rear air conditioning|Rear anti-roll bar|Rear window defroster|Rear window wiper|Remote keyless entry|Roof rack: rails only|Security system|Speed control|Speed-sensing steering|Split folding rear seat|Steering wheel mounted audio controls|Telescoping steering wheel|Tilt steering wheel|Traction control|Trip computer|Turn signal indicator mirrors|Variably intermittent wipers|Auto-dimming Rear-View mirror|Compass|Rear seats: split-bench|AM/FM radio: SiriusXM|Bumpers: body-colour|Exterior Parking Camera Rear,,17.6,25,,,DriveNation - Saskatoon II,3.3L DOHC,Gasoline,126,
TC2276,1G1ZE5STXGF202406,F829,U,2016,Chevrolet,Malibu,1ZD69,4D Sedan,6-Speed Automatic,LT,4,70672,4,1.5,FWD,Silver,,,16899,03/06/2020,,,"Premium Cloth Seat Trim|Radio: AM/FM Chevrolet MyLink w/7"" Touch-Screen|AM/FM radio: SiriusXM|Bumpers: body-colour|Exterior Parking Camera Rear|4-Wheel Disc Brakes|6 Speakers|Air Conditioning|Electronic Stability Control|Front Bucket Seats|Tachometer|ABS brakes|Alloy wheels|Brake assist|Delay-off headlights|Driver door bin|Driver vanity mirror|Dual front impact airbags|Dual front side impact airbags|Emergency communication system|Four wheel independent suspension|Front anti-roll bar|Front reading lights|Fully automatic headlights|Heated door mirrors|Illuminated entry|Knee airbag|Low tire pressure warning|MP3 decoder|Occupant sensing airbag|Outside temperature display|Overhead airbag|Overhead console|Panic alarm|Passenger door bin|Passenger vanity mirror|Power door mirrors|Power driver seat|Power steering|Power windows|Radio data system|Rear anti-roll bar|Rear reading lights|Rear side impact airbag|Rear window defroster|Remote keyless entry|Security system|Speed control|Split folding rear seat|Steering wheel mounted audio controls|Telescoping steering wheel|Tilt steering wheel|Traction control|Trip computer|Turn signal indicator mirrors|Variably intermittent wipers|Front beverage holders|Compass",,27,37.3,,1LT,DriveNation - Saskatoon II,1.5L DOHC,Gasoline,45,
TC2276,1G1ZA5STXGF291695,F823,U,2016,Chevrolet,Malibu,1ZB69,4D Sedan,6-Speed Automatic,L,4,31854,4,1.5,FWD,Nightfall Gray Metallic,,,16456,03/04/2020,,,"16"" Steel w/Cover Wheels|Premium Cloth Seat Trim|AM/FM Stereo|4-Wheel Disc Brakes|6 Speakers|Air Conditioning|Electronic Stability Control|Front Bucket Seats|Tachometer|ABS brakes|AM/FM radio|Brake assist|Delay-off headlights|Driver door bin|Dual front impact airbags|Dual front side impact airbags|Emergency communication system|Four wheel independent suspension|Front anti-roll bar|Front reading lights|Fully automatic headlights|Illuminated entry|Knee airbag|Low tire pressure warning|MP3 decoder|Occupant sensing airbag|Overhead airbag|Overhead console|Panic alarm|Passenger door bin|Power door mirrors|Power steering|Power windows|Rear anti-roll bar|Rear side impact airbag|Rear window defroster|Remote keyless entry|Security system|Speed control|Split folding rear seat|Steering wheel mounted audio controls|Telescoping steering wheel|Tilt steering wheel|Traction control|Trip computer|Variably intermittent wipers|1st row LCD monitors: 1|Bumpers: body-colour",,27,37.3,,,DriveNation - Saskatoon II,1.5L DOHC,Gasoline,47,
TC2276,1C4NJRAB4GD694959,F801,U,2016,Jeep,Patriot,MKJE74,4D Sport Utility,6-Speed Automatic,North,4,40423,4,2.4,4WD,Black Clearcoat,,,17881,02/10/2020,,,"4.12 Axle Ratio|16"" x 6.5"" Styled Steel Wheels|Cloth Bucket Seats|Radio: 130 AM/FM/CD|4 Speakers|Electronic Stability Control|Front Bucket Seats|Tachometer|ABS brakes|AM/FM radio|Anti-whiplash front head restraints|Block heater|Brake assist|CD player|Driver door bin|Driver vanity mirror|Dual front impact airbags|Dual front side impact airbags|Four wheel independent suspension|Front anti-roll bar|Front reading lights|Low tire pressure warning|MP3 decoder|Occupant sensing airbag|Outside temperature display|Overhead airbag|Passenger door bin|Passenger vanity mirror|Power steering|Rear anti-roll bar|Rear window defroster|Rear window wiper|Roof rack: rails only|Speed control|Split folding rear seat|Tilt steering wheel|Traction control|Variably intermittent wipers|Variable valve control|Bumpers: body-colour|4-Wheel Disc Brakes",,20.1,25.8,,,DriveNation - Saskatoon II,2.4L I4 DOHC 16V,Gasoline,70,
TC2276,3N1CK3CPXHL265219,F807A,U,2017,Nissan,Micra,,4D Hatchback,CVT,SV,4,53189,4,1.6,FWD,White,black,,9998,03/03/2020,Yes,,"15"" Steel Wheels w/Covers|Front Bucket Seats|Cloth Seat Trim|Radio: AM/FM/CD/Aux-In w/4 Speakers|Full Tank of Fuel & Floor Mats|AM/FM radio|Brake assist|CD player|Driver door bin|Dual front impact airbags|Dual front side impact airbags|Front anti-roll bar|Front wheel independent suspension|Heated door mirrors|Illuminated entry|Occupant sensing airbag|Overhead airbag|Panic alarm|Passenger door bin|Passenger vanity mirror|Power door mirrors|Power steering|Power windows|Radio data system|Rear anti-roll bar|Rear window defroster|Rear window wiper|Remote keyless entry|Speed control|Speed-sensing steering|Split folding rear seat|Steering wheel mounted audio controls|Tilt steering wheel|Traction control|Trip computer|Variably intermittent wipers|Front beverage holders|Bumpers: body-colour|ABS brakes|Tachometer|Electronic Stability Control|4 Speakers|Air Conditioning",,,34.6,,,DriveNation - Saskatoon II,1.6L 4-Cylinder DOHC 16V,Gasoline,48,
TC2276,KNDPMCACXH7078057,F680,U,2017,Kia,Sportage,42422,4D Sport Utility,6-Speed Automatic with Sportmatic,LX,4,84122,4,2.4,AWD,Pacific Blue,,,18299,11/01/2019,,,3.195 Axle Ratio|Heated Front Bucket Seats|Cloth Seat Trim|AM/FM/CD/MP3 Radio|4-Wheel Disc Brakes|6 Speakers|Air Conditioning|Electronic Stability Control|Front Bucket Seats|Spoiler|Tachometer|ABS brakes|Alloy wheels|Brake assist|CD player|Delay-off headlights|Driver door bin|Driver vanity mirror|Dual front impact airbags|Dual front side impact airbags|Four wheel independent suspension|Front anti-roll bar|Front fog lights|Front reading lights|Fully automatic headlights|Heated door mirrors|Heated front seats|Illuminated entry|Occupant sensing airbag|Outside temperature display|Overhead airbag|Overhead console|Panic alarm|Passenger door bin|Passenger vanity mirror|Power door mirrors|Power steering|Power windows|Rear anti-roll bar|Rear window defroster|Rear window wiper|Remote keyless entry|Roof rack: rails only|Security system|Speed control|Speed-sensing steering|Split folding rear seat|Steering wheel mounted audio controls|Telescoping steering wheel|Tilt steering wheel|Traction control|Trip computer|Variably intermittent wipers|AM/FM radio: SiriusXM|Bumpers: body-colour|Display: analog|Exterior Parking Camera Rear,,20.8,24.8,,,DriveNation - Saskatoon II,2.4L I4 DGI DOHC,Gasoline,171,
TC2276,1FMCU9GD9HUE10875,F812,U,2017,Ford,Escape,U9G,4D Sport Utility,6-Speed Automatic,SE,4,118031,4,1.5,4WD,White,,,16998,02/24/2020,,,"3.51 Axle Ratio|Wheels: 17"" Sparkle-Painted Aluminum|Heated Cloth Front Bucket Seats|Radio: AM/FM Single-CD/MP3 Capable|SYNC Communications & Entertainment System|4-Wheel Disc Brakes|6 Speakers|Air Conditioning|Electronic Stability Control|Front Bucket Seats|Spoiler|Tachometer|ABS brakes|AM/FM radio|Adjustable head restraints: driver and passenger w/tilt|Automatic temperature control|Block heater|Brake assist|CD player|Delay-off headlights|Driver door bin|Driver vanity mirror|Dual front impact airbags|Dual front side impact airbags|Four wheel independent suspension|Front anti-roll bar|Front dual zone A/C|Front fog lights|Front reading lights|Fully automatic headlights|Heated door mirrors|Heated front seats|Illuminated entry|Knee airbag|Low tire pressure warning|Occupant sensing airbag|Outside temperature display|Overhead airbag|Overhead console|Panic alarm|Passenger door bin|Passenger vanity mirror|Power door mirrors|Power steering|Power windows|Radio data system|Rear anti-roll bar|Rear window defroster|Rear window wiper|Remote keyless entry|Speed control|Speed-sensing steering|Split folding rear seat|Steering wheel mounted audio controls|Telescoping steering wheel|Tilt steering wheel|Traction control|Trip computer|Variably intermittent wipers|Compass|Bumpers: body-colour|Exterior Parking Camera Rear|Emergency communication system: 911 Assist",,22,28.3,,,DriveNation - Saskatoon II,1.5L EcoBoost,Gasoline,56,
TC2276,1G1ZE5ST5HF143167,F839,U,2017,Chevrolet,Malibu,1ZD69,4D Sedan,6-Speed Automatic,LT,4,67852,4,1.5,FWD,White,Black,,16994,03/13/2020,Yes,,"Premium Cloth Seat Trim|Radio: Chevrolet MyLink AM/FM Stereo w/7"" Screen|SiriusXM Satellite Radio|4-Wheel Disc Brakes|6 Speakers|Air Conditioning|Electronic Stability Control|Front Bucket Seats|Tachometer|ABS brakes|Alloy wheels|Brake assist|Delay-off headlights|Driver door bin|Driver vanity mirror|Dual front impact airbags|Dual front side impact airbags|Emergency communication system|Four wheel independent suspension|Front anti-roll bar|Front reading lights|Fully automatic headlights|Heated door mirrors|Illuminated entry|Knee airbag|Low tire pressure warning|Occupant sensing airbag|Outside temperature display|Overhead airbag|Overhead console|Panic alarm|Passenger door bin|Passenger vanity mirror|Power door mirrors|Power driver seat|Power steering|Power windows|Radio data system|Rear anti-roll bar|Rear reading lights|Rear side impact airbag|Rear window defroster|Remote keyless entry|Security system|Speed control|Split folding rear seat|Steering wheel mounted audio controls|Telescoping steering wheel|Tilt steering wheel|Traction control|Trip computer|Turn signal indicator mirrors|Variably intermittent wipers|Front beverage holders|Compass|AM/FM radio: SiriusXM|Bumpers: body-colour|Exterior Parking Camera Rear",,26.7,36.2,,1LT,DriveNation - Saskatoon II,1.5L DOHC,Gasoline,38,
TC2276,2C4RDGBG9HR717951,F808,U,2017,Dodge,Grand Caravan,RTKH53,4D Passenger Van,6-Speed Automatic,SXT,4,73304,6,3.6,FWD,Granite Pearlcoat,,,18899,02/18/2020,,,"3.16 Axle Ratio|Wheels: 17"" x 6.5"" Steel w/Covers|Cloth Bucket Seats|Touring Suspension|Radio: 130|Steering Wheel-Mounted Audio Controls|Audio Jack Input for Mobile Devices|Rear seats Folding position: fold forward seatback|4 Speakers|4-Wheel Disc Brakes|Air Conditioning|Electronic Stability Control|Front Bucket Seats|Spoiler|Tachometer|3rd row seats: split-bench|ABS brakes|AM/FM radio|Anti-whiplash front head restraints|Block heater|Brake assist|CD player|Delay-off headlights|Driver door bin|Driver vanity mirror|Dual front impact airbags|Dual front side impact airbags|Front anti-roll bar|Front dual zone A/C|Front reading lights|Front wheel independent suspension|Heated door mirrors|Illuminated entry|Knee airbag|Low tire pressure warning|Occupant sensing airbag|Outside temperature display|Overhead airbag|Overhead console|Panic alarm|Passenger door bin|Passenger seat mounted armrest|Passenger vanity mirror|Power door mirrors|Power steering|Power windows|Rear window defroster|Rear window wiper|Reclining 3rd row seat|Remote keyless entry|Speed control|Steering wheel mounted audio controls|Telescoping steering wheel|Tilt steering wheel|Traction control|Trip computer|Variably intermittent wipers|Driver's Seat Mounted Armrest|Bumpers: body-colour",,17.2,25,,,DriveNation - Saskatoon II,Pentastar 3.6L V6 VVT,Gasoline,62,
TC2276,3N1CE2CP5HL358120,F579A,U,2017,Nissan,Versa Note,11817,4D Hatchback,CVT,SL,4,83569,4,1.6,FWD,Gun Metallic,,,12499,11/26/2019,,,"Heated Front Bucket Seats|Upgraded Cloth Seat Trim|Radio: NissanConnect w/Navigation & Mobile Apps|Full Tank of Fuel & Floor Mats|4 Speakers|Air Conditioning|Electronic Stability Control|Front Bucket Seats|Navigation System|Tachometer|ABS brakes|Alloy wheels|Block heater|Brake assist|CD player|Driver door bin|Driver vanity mirror|Dual front impact airbags|Dual front side impact airbags|Front anti-roll bar|Front fog lights|Front reading lights|Front wheel independent suspension|Heated door mirrors|Heated front seats|Illuminated entry|Occupant sensing airbag|Outside temperature display|Overhead airbag|Panic alarm|Passenger door bin|Passenger vanity mirror|Power door mirrors|Power steering|Power windows|Radio data system|Rear anti-roll bar|Rear window defroster|Rear window wiper|Remote keyless entry|Speed control|Speed-sensing steering|Split folding rear seat|Steering wheel mounted audio controls|Tilt steering wheel|Traction control|Trip computer|Variably intermittent wipers|AM/FM radio: SiriusXM|Primary LCD size: 5.8""|Bumpers: body-colour",,30.9,37.9,,,DriveNation - Saskatoon II,1.6L 4-Cylinder DOHC 16V,Gasoline,146,
TC2276,1G1JD5SHXH4172168,F817A,U,2017,Chevrolet,Sonic,1JV69,4D Sedan,6-Speed Automatic,LT,4,67790,4,1.8,FWD,Nightfall Gray Metallic,,,12998,02/27/2020,,,"Front Bucket Seats|Deluxe Cloth Seat Trim|Radio: Chevrolet MyLink AM/FM Stereo w/7"" Screen|2-Way Manual Front Passenger Seat Adjuster|4-Way Manual Driver Seat Adjuster|Heated Driver & Front Passenger Seats|SiriusXM Satellite Radio|Premium 6-Speaker Audio System Feature|2 USB Ports & Auxiliary Input Jack|Exterior Parking Camera Rear|6 Speakers|Air Conditioning|Electronic Stability Control|Tachometer|ABS brakes|Alloy wheels|Brake assist|Delay-off headlights|Driver door bin|Driver vanity mirror|Dual front impact airbags|Dual front side impact airbags|Emergency communication system|Front anti-roll bar|Front reading lights|Front wheel independent suspension|Fully automatic headlights|Heated door mirrors|Heated front seats|Illuminated entry|Knee airbag|Low tire pressure warning|Occupant sensing airbag|Outside temperature display|Overhead airbag|Panic alarm|Passenger door bin|Passenger vanity mirror|Power door mirrors|Power steering|Power windows|Radio data system|Rear side impact airbag|Rear window defroster|Remote keyless entry|Security system|Speed control|Split folding rear seat|Sport steering wheel|Steering wheel mounted audio controls|Telescoping steering wheel|Tilt steering wheel|Traction control|Trip computer|Variably intermittent wipers|Front beverage holders|AM/FM radio: SiriusXM|Premium audio system: Chevrolet MyLink|Bumpers: body-colour",,24.2,34.1,,,DriveNation - Saskatoon II,ECOTEC 1.8L I4 DOHC VVT,Gasoline,53,
TC2276,1C4RJFBG1JC399793,F841,U,2018,Jeep,Grand Cherokee,WKJP74,4D Sport Utility,8-Speed Automatic,Limited,4,42931,6,3.6,4WD,Bright White Clearcoat,black,,35998,03/20/2020,Yes,,"3.45 Rear Axle Ratio|Leather-Faced Bucket Seats|Normal Duty Suspension|Radio: Uconnect 4 w/7"" Display|GPS Antenna Input|Bright Exterior Mirrors|Google Android Auto|USB Mobile Projection|Apple CarPlay|SiriusXM Satellite Radio|Hands-Free Communication w/Bluetooth|4-Wheel Disc Brakes|6 Speakers|Air Conditioning|Electronic Stability Control|Front Bucket Seats|Leather Shift Knob|ParkView Rear Back-Up Camera|Power Liftgate|Rear Parking Sensors|Spoiler|Tachometer|ABS brakes|Alloy wheels|Anti-whiplash front head restraints|Audio memory|Auto-dimming door mirrors|Automatic temperature control|Block heater|Brake assist|Delay-off headlights|Driver door bin|Driver vanity mirror|Dual front impact airbags|Dual front side impact airbags|Four wheel independent suspension|Front anti-roll bar|Front dual zone A/C|Front fog lights|Front reading lights|Fully automatic headlights|Garage door transmitter|Heated door mirrors|Heated front seats|Heated rear seats|Heated steering wheel|Illuminated entry|Knee airbag|Low tire pressure warning|Memory seat|Occupant sensing airbag|Outside temperature display|Overhead airbag|Overhead console|Panic alarm|Passenger door bin|Passenger vanity mirror|Power door mirrors|Power driver seat|Power passenger seat|Power steering|Power windows|Radio data system|Rear anti-roll bar|Rear reading lights|Rear window defroster|Rear window wiper|Remote keyless entry|Roof rack: rails only|Security system|Speed control|Split folding rear seat|Steering wheel mounted audio controls|Telescoping steering wheel|Tilt steering wheel|Traction control|Trip computer|Turn signal indicator mirrors|Variably intermittent wipers|Auto-dimming Rear-View mirror|Speed-Sensitive Wipers|Compass|AM/FM radio: SiriusXM|Bumpers: body-colour|Remote engine start: keyfob",,18.5,24.5,,,DriveNation - Saskatoon II,Pentastar 3.6L V6 VVT,Gasoline,31,
TC2276,1G1ZD5ST0JF221380,F805,U,2018,Chevrolet,Malibu,1ZD69,4D Sedan,6-Speed Automatic,LT,4,45594,4,1.5,FWD,Cajun Red Tintcoat,,,18487,02/14/2020,,,"Premium Cloth Seat Trim|8-Way Power Driver Seat Adjuster|Radio: Chevrolet MyLink AM/FM Stereo w/8"" Screen|6-Way Manual Front Passenger Seat Adjuster|Power Driver Lumbar Control Seat Adjuster|SiriusXM|6-Speaker Audio System Feature|Dual USB Charging-Only Ports|4-Wheel Disc Brakes|6 Speakers|Air Conditioning|Electronic Stability Control|Front Bucket Seats|Leather Shift Knob|Tachometer|ABS brakes|Alloy wheels|Brake assist|Delay-off headlights|Driver door bin|Driver vanity mirror|Dual front impact airbags|Dual front side impact airbags|Four wheel independent suspension|Front anti-roll bar|Front reading lights|Fully automatic headlights|Heated door mirrors|Illuminated entry|Knee airbag|Leather steering wheel|Low tire pressure warning|Occupant sensing airbag|Outside temperature display|Overhead airbag|Overhead console|Panic alarm|Passenger door bin|Passenger vanity mirror|Power door mirrors|Power driver seat|Power steering|Power windows|Radio data system|Rear anti-roll bar|Rear reading lights|Rear side impact airbag|Rear window defroster|Remote keyless entry|Security system|Speed control|Split folding rear seat|Steering wheel mounted audio controls|Telescoping steering wheel|Tilt steering wheel|Traction control|Trip computer|Turn signal indicator mirrors|Variably intermittent wipers|Front beverage holders|Auto-dimming Rear-View mirror|Compass|AM/FM radio: SiriusXM|Bumpers: body-colour|Exterior Parking Camera Rear|Emergency communication system: OnStar and Chevrolet connected services capable",,26.7,36.2,,1LT,DriveNation - Saskatoon II,1.5L DOHC,Gasoline,66,
TC2276,KL8CD6SA5JC462878,F643,U,2018,Chevrolet,Spark,1DS48,4D Hatchback,CVT,1LT,4,41701,4,1,FWD,Silver Ice Metallic,Grey,,12989,09/24/2019,Yes,,"15"" x 6"" Alloy Wheels|Front High-Back Bucket Seats|Cloth Seat Trim|Radio: Chevrolet MyLink AM/FM Stereo|2-Way Manual Front Passenger w/Manual Recline|4-Way Driver Fore/Aft Manual w/Manual Recline|Body-Colour Manual-Folding Heated Outside Mirrors|3.76 Final Drive Axle Ratio|Electronic Cruise Control w/Set & Resume Speed|Remote Keyless Entry w/Panic Alarm Button|SiriusXM Satellite Radio|Steering Wheel Controls|6-Speaker Audio System Feature|USB Port & Aux Input Jack|Content Theft Alarm Theft Deterrent System|Power Windows w/Driver Express Up/Down|Remote Panic Alarm|6 Speakers|Air Conditioning|Electronic Stability Control|Front Bucket Seats|Spoiler|Tachometer|ABS brakes|Brake assist|Delay-off headlights|Driver door bin|Driver vanity mirror|Dual front impact airbags|Dual front side impact airbags|Front anti-roll bar|Front fog lights|Front wheel independent suspension|Heated door mirrors|Illuminated entry|Knee airbag|Low tire pressure warning|Occupant sensing airbag|Outside temperature display|Overhead airbag|Panic alarm|Passenger door bin|Passenger vanity mirror|Power door mirrors|Power steering|Power windows|Radio data system|Rear side impact airbag|Rear window defroster|Rear window wiper|Remote keyless entry|Security system|Speed control|Split folding rear seat|Steering wheel mounted audio controls|Tilt steering wheel|Traction control|Trip computer|Variably intermittent wipers|Front beverage holders|AM/FM radio: SiriusXM|Premium audio system: Chevrolet MyLink|Bumpers: body-colour|Exterior Parking Camera Rear|Emergency communication system: OnStar Guidance",,30.2,37.9,,,DriveNation - Saskatoon II,1.4L DOHC,Gasoline,209,
TC2276,2C4RDGDGXJR295501,F837,U,2018,Dodge,Grand Caravan,RTKP53,4D Passenger Van,6-Speed Automatic,Crew,4,47947,6,3.6,FWD,White Knuckle Clearcoat,black,,23887,03/12/2020,Yes,,"3.16 Axle Ratio|17"" x 6.5"" Painted Aluminum Wheels|Cloth Bucket Seats|Touring Suspension|Radio: 130|Audio Input Jack for Mobile Devices|ParkView Rear Back-Up Camera|4-Wheel Disc Brakes|6 Speakers|Air Conditioning|Electronic Stability Control|Front Bucket Seats|Leather Shift Knob|Roof rack|Spoiler|Tachometer|3rd row seats: split-bench|ABS brakes|AM/FM radio|Anti-whiplash front head restraints|Automatic temperature control|Block heater|Brake assist|CD player|Delay-off headlights|Driver door bin|Dual front impact airbags|Dual front side impact airbags|Front anti-roll bar|Front dual zone A/C|Front fog lights|Front wheel independent suspension|Heated door mirrors|Illuminated entry|Knee airbag|Low tire pressure warning|Occupant sensing airbag|Outside temperature display|Overhead airbag|Overhead console|Panic alarm|Passenger door bin|Passenger seat mounted armrest|Power door mirrors|Power driver seat|Power steering|Power windows|Rear air conditioning|Rear window defroster|Rear window wiper|Reclining 3rd row seat|Remote keyless entry|Speed control|Split folding rear seat|Steering wheel mounted audio controls|Telescoping steering wheel|Tilt steering wheel|Traction control|Trip computer|Variably intermittent wipers|Auto-dimming Rear-View mirror|Compass|Driver's Seat Mounted Armrest|Bumpers: body-colour|Rear seats Folding position: tumble forward",,17.2,25,,,DriveNation - Saskatoon II,Pentastar 3.6L V6 VVT,Gasoline,39,
TC2276,KMHD84LF7JU498804,F836A,U,2018,Hyundai,Elantra,EL64AF20AB00,4D Sedan,6-Speed Automatic with Overdrive,GL,4,99225,4,2,FWD,Gray,,,14399,03/11/2020,,,"Wheels: 16"" x 6.5J Aluminum-Alloy|Heated Front Bucket Seats|Premium Cloth Seating Surfaces|Radio: AM/FM/XM/MP3 Audio System|6 Speakers|Air Conditioning|Electronic Stability Control|Front Bucket Seats|Tachometer|ABS brakes|Brake assist|Delay-off headlights|Driver door bin|Driver vanity mirror|Dual front impact airbags|Dual front side impact airbags|Front anti-roll bar|Front reading lights|Front wheel independent suspension|Fully automatic headlights|Heated door mirrors|Heated front seats|Heated steering wheel|Illuminated entry|Knee airbag|Occupant sensing airbag|Outside temperature display|Overhead airbag|Overhead console|Panic alarm|Passenger door bin|Passenger vanity mirror|Power door mirrors|Power steering|Power windows|Rear window defroster|Remote keyless entry|Security system|Speed control|Speed-sensing steering|Split folding rear seat|Steering wheel mounted audio controls|Telescoping steering wheel|Tilt steering wheel|Traction control|Trip computer|Turn signal indicator mirrors|Variably intermittent wipers|AM/FM radio: SiriusXM|Bumpers: body-colour|Exterior Parking Camera Rear|Rear seats Folding position: fold forward seatback",,28.3,36.8,,,DriveNation - Saskatoon II,2.0L I4 MPI DOHC 16V ULEV II 147hp,Gasoline,40,
TC2276,2C4RDGEG8JR218544,F828,U,2018,Dodge,Grand Caravan,RTKX53,4D Passenger Van,6-Speed Automatic,GT,4,69428,6,3.6,FWD,White Knuckle Clearcoat,black,,23787,03/06/2020,,,"3.16 Axle Ratio|Wheels: 17"" x 6.5"" Aluminum w/Gloss Black Pockets|Leather-Faced Seats w/Perforation|Performance Suspension|Radio: 430|115-Volt Auxiliary Power Outlet|6.5"" Touchscreen|Audio Input Jack for Mobile Devices|ParkView Rear Back-Up Camera|40GB Hard Drive w/28GB Available|4-Wheel Disc Brakes|9 Speakers|Air Conditioning|Electronic Stability Control|Front Bucket Seats|Leather Shift Knob|Power Liftgate|Spoiler|Tachometer|3rd row seats: split-bench|ABS brakes|AM/FM radio|Adjustable head restraints: driver and passenger w/tilt|Anti-whiplash front head restraints|Automatic temperature control|Block heater|Brake assist|CD player|DVD-Audio|Delay-off headlights|Driver door bin|Driver vanity mirror|Dual front impact airbags|Dual front side impact airbags|Front anti-roll bar|Front dual zone A/C|Front fog lights|Front reading lights|Front wheel independent suspension|Fully automatic headlights|Garage door transmitter|Heated door mirrors|Heated front seats|Heated steering wheel|Illuminated entry|Knee airbag|Low tire pressure warning|Occupant sensing airbag|Outside temperature display|Overhead airbag|Overhead console|Panic alarm|Passenger door bin|Passenger seat mounted armrest|Passenger vanity mirror|Power door mirrors|Power driver seat|Power passenger seat|Power steering|Power windows|Radio data system|Rear air conditioning|Rear reading lights|Rear window defroster|Rear window wiper|Reclining 3rd row seat|Remote keyless entry|Security system|Speed control|Split folding rear seat|Steering wheel mounted audio controls|Sun blinds|Telescoping steering wheel|Tilt steering wheel|Traction control|Trip computer|Variably intermittent wipers|Auto-dimming Rear-View mirror|Compass|Driver's Seat Mounted Armrest|Bumpers: body-colour",,17.2,25,,,DriveNation - Saskatoon II,Pentastar 3.6L V6 VVT,Gasoline,45,
TC2276,JA4AJ3AU9JU601383,F835,U,2018,Mitsubishi,RVR,CS45-E,4D Sport Utility,CVT,SE,4,35778,4,2,4WD,White,grey,,21799,03/11/2020,Yes,,"Heated Front Bucket Seats|Fabric Seat Trim|Radio: 7"" Smartphone Link Display Audio|4-Wheel Disc Brakes|6 Speakers|Air Conditioning|Electronic Stability Control|Front Bucket Seats|Leather Shift Knob|Spoiler|Tachometer|ABS brakes|Alloy wheels|Automatic temperature control|Brake assist|Driver door bin|Driver vanity mirror|Dual front impact airbags|Dual front side impact airbags|Four wheel independent suspension|Front anti-roll bar|Front fog lights|Front reading lights|Heated door mirrors|Heated front seats|Illuminated entry|Knee airbag|Low tire pressure warning|Occupant sensing airbag|Outside temperature display|Overhead airbag|Overhead console|Panic alarm|Passenger door bin|Passenger vanity mirror|Power door mirrors|Power steering|Power windows|Radio data system|Rear anti-roll bar|Rear window defroster|Rear window wiper|Remote keyless entry|Security system|Speed control|Speed-sensing steering|Split folding rear seat|Steering wheel mounted audio controls|Telescoping steering wheel|Tilt steering wheel|Traction control|Trip computer|Variably intermittent wipers|AM/FM radio: SiriusXM|Bumpers: body-colour|Exterior Parking Camera Rear|Satellite radio trial duration with new vehicle purchase (months): 3",,23.3,28.7,,,DriveNation - Saskatoon II,2.0L I4 DOHC 16V MIVEC,Gasoline,40,
TC2276,KL8CD6SA1JC465549,FF745,U,2018,Chevrolet,Spark,1DS48,4D Hatchback,CVT,1LT,4,47167,4,1,FWD,Silver Ice Metallic,,,12498,01/08/2020,,,"15"" x 6"" Alloy Wheels|Front High-Back Bucket Seats|Cloth Seat Trim|Radio: Chevrolet MyLink AM/FM Stereo|2-Way Manual Front Passenger w/Manual Recline|4-Way Driver Fore/Aft Manual w/Manual Recline|Body-Colour Manual-Folding Heated Outside Mirrors|3.76 Final Drive Axle Ratio|Electronic Cruise Control w/Set & Resume Speed|Remote Keyless Entry w/Panic Alarm Button|SiriusXM Satellite Radio|Steering Wheel Controls|6-Speaker Audio System Feature|USB Port & Aux Input Jack|Content Theft Alarm Theft Deterrent System|Power Windows w/Driver Express Up/Down|Remote Panic Alarm|6 Speakers|Air Conditioning|Electronic Stability Control|Front Bucket Seats|Spoiler|Tachometer|ABS brakes|Brake assist|Delay-off headlights|Driver door bin|Driver vanity mirror|Dual front impact airbags|Dual front side impact airbags|Front anti-roll bar|Front fog lights|Front wheel independent suspension|Heated door mirrors|Illuminated entry|Knee airbag|Low tire pressure warning|Occupant sensing airbag|Outside temperature display|Overhead airbag|Panic alarm|Passenger door bin|Passenger vanity mirror|Power door mirrors|Power steering|Power windows|Radio data system|Rear side impact airbag|Rear window defroster|Rear window wiper|Remote keyless entry|Security system|Speed control|Split folding rear seat|Steering wheel mounted audio controls|Tilt steering wheel|Traction control|Trip computer|Variably intermittent wipers|Front beverage holders|AM/FM radio: SiriusXM|Premium audio system: Chevrolet MyLink|Bumpers: body-colour|Exterior Parking Camera Rear|Emergency communication system: OnStar Guidance",,30.2,37.9,,,DriveNation - Saskatoon II,1.4L DOHC,Gasoline,103,
TC2276,KL8CD6SA5JC478014,FF733,U,2018,Chevrolet,Spark,1DS48,4D Hatchback,CVT,1LT,4,50191,4,1,FWD,Silver Ice Metallic,,,12216,01/08/2020,,,"15"" x 6"" Alloy Wheels|Front High-Back Bucket Seats|Cloth Seat Trim|Radio: Chevrolet MyLink AM/FM Stereo|2-Way Manual Front Passenger w/Manual Recline|4-Way Driver Fore/Aft Manual w/Manual Recline|Body-Colour Manual-Folding Heated Outside Mirrors|3.76 Final Drive Axle Ratio|Electronic Cruise Control w/Set & Resume Speed|Remote Keyless Entry w/Panic Alarm Button|SiriusXM Satellite Radio|Steering Wheel Controls|6-Speaker Audio System Feature|USB Port & Aux Input Jack|Content Theft Alarm Theft Deterrent System|Power Windows w/Driver Express Up/Down|Remote Panic Alarm|6 Speakers|Air Conditioning|Electronic Stability Control|Front Bucket Seats|Spoiler|Tachometer|ABS brakes|Brake assist|Delay-off headlights|Driver door bin|Driver vanity mirror|Dual front impact airbags|Dual front side impact airbags|Front anti-roll bar|Front fog lights|Front wheel independent suspension|Heated door mirrors|Illuminated entry|Knee airbag|Low tire pressure warning|Occupant sensing airbag|Outside temperature display|Overhead airbag|Panic alarm|Passenger door bin|Passenger vanity mirror|Power door mirrors|Power steering|Power windows|Radio data system|Rear side impact airbag|Rear window defroster|Rear window wiper|Remote keyless entry|Security system|Speed control|Split folding rear seat|Steering wheel mounted audio controls|Tilt steering wheel|Traction control|Trip computer|Variably intermittent wipers|Front beverage holders|AM/FM radio: SiriusXM|Premium audio system: Chevrolet MyLink|Bumpers: body-colour|Exterior Parking Camera Rear|Emergency communication system: OnStar Guidance",,30.2,37.9,,,DriveNation - Saskatoon II,1.4L DOHC,Gasoline,103,
TC2276,3FA6P0H71JR237014,F800,U,2018,Ford,Fusion,P0H,4D Sedan,6-Speed Automatic,SE,4,64758,4,2.5,FWD,Ingot Silver Metallic,,,17849,02/10/2020,,,Cloth Front Bucket Seats|Radio: AM/FM Stereo w/MP3/Single-CD Player|SYNC Communications & Entertainment System|4-Wheel Disc Brakes|6 Speakers|Air Conditioning|Electronic Stability Control|Front Bucket Seats|Tachometer|ABS brakes|Alloy wheels|Brake assist|CD player|Delay-off headlights|Driver door bin|Driver vanity mirror|Dual front impact airbags|Dual front side impact airbags|Four wheel independent suspension|Front anti-roll bar|Front reading lights|Fully automatic headlights|Illuminated entry|Knee airbag|Low tire pressure warning|Occupant sensing airbag|Outside temperature display|Overhead airbag|Overhead console|Panic alarm|Passenger door bin|Passenger vanity mirror|Power door mirrors|Power driver seat|Power passenger seat|Power steering|Power windows|Radio data system|Rear anti-roll bar|Rear reading lights|Rear window defroster|Remote keyless entry|Security system|Speed control|Speed-sensing steering|Split folding rear seat|Steering wheel mounted audio controls|Telescoping steering wheel|Tilt steering wheel|Traction control|Trip computer|Variably intermittent wipers|Speed-Sensitive Wipers|Compass|AM/FM radio: SiriusXM|Bumpers: body-colour|Exterior Parking Camera Rear|Emergency communication system: 911 Assist|Proximity keyless entry: push button start only,,20.8,31.8,,,DriveNation - Saskatoon II,2.5L iVCT,Gasoline,70,
TC2276,1G1ZD5ST2KF116101,F832,U,2019,Chevrolet,Malibu,1ZD69,4D Sedan,CVT,LT,4,43144,4,1.5,FWD,Silver Ice Metallic,,,20900,03/10/2020,,,"17"" Aluminum Wheels|Premium Cloth Seat Trim|8-Way Power Driver Seat Adjuster|Radio: Chevrolet Infotainment 3 System|6-Way Manual Front Passenger Seat Adjuster|Power Driver Lumbar Control Seat Adjuster|Heated Driver & Front Passenger Seats|SiriusXM|6-Speaker Audio System Feature|4-Wheel Disc Brakes|6 Speakers|Air Conditioning|Electronic Stability Control|Front Bucket Seats|Tachometer|ABS brakes|Automatic temperature control|Brake assist|Delay-off headlights|Driver door bin|Driver vanity mirror|Dual front impact airbags|Dual front side impact airbags|Four wheel independent suspension|Front anti-roll bar|Front dual zone A/C|Front reading lights|Fully automatic headlights|Heated door mirrors|Heated front seats|Illuminated entry|Knee airbag|Low tire pressure warning|Occupant sensing airbag|Outside temperature display|Overhead airbag|Overhead console|Panic alarm|Passenger door bin|Passenger vanity mirror|Power door mirrors|Power driver seat|Power steering|Power windows|Radio data system|Rear anti-roll bar|Rear reading lights|Rear side impact airbag|Rear window defroster|Remote keyless entry|Security system|Speed control|Split folding rear seat|Steering wheel mounted audio controls|Telescoping steering wheel|Tilt steering wheel|Traction control|Trip computer|Variably intermittent wipers|Compass|AM/FM radio: SiriusXM|Bumpers: body-colour|Emergency communication system: OnStar and Chevrolet connected services capable|Premium audio system: Chevrolet Infotainment System 3|Rear seats Folding position: fold forward seatback",,28.7,35.6,,1LT,DriveNation - Saskatoon II,1.5L DOHC,Gasoline,41,
TC2276,2C3CCABG3KH516912,F830,U,2019,Chrysler,300,LXCL48,4D Sedan,8-Speed Automatic,S,4,42850,6,3.6,RWD,Granite Crystal Metallic Clearcoat,black,,27987,03/10/2020,,,"Nappa Leather-Faced Seats w/S Logo|Radio: Uconnect 4C w/8.4"" Display|Rear Seat Armrest w/Storage Cup Holder|Rear Illuminated Cup Holders|GPS Antenna Input|300S Grille w/Black Chrome Surround|HD Radio|Google Android Auto|USB Mobile Projection|8.4"" Touchscreen|Apple CarPlay Capable|Media Hub w/2 USB & Aux Input Jack|SiriusXM Satellite Radio|1-Year SiriusXM Guardian Trial|Performance 4 Wheel Independent Suspension|For Details Visit DriveUconnect.ca|Bluetooth Integrated Voice Command|Mode select transmission|AM/FM radio: SiriusXM|Bumpers: body-colour|Emergency communication system: SiriusXM Guardian|4-Wheel Disc Brakes|6 Speakers|Air Conditioning|Electronic Stability Control|Front Bucket Seats|ParkView Rear Back-Up Camera|Tachometer|ABS brakes|Alloy wheels|Anti-whiplash front head restraints|Automatic temperature control|Block heater|Brake assist|Delay-off headlights|Driver door bin|Driver vanity mirror|Dual front impact airbags|Dual front side impact airbags|Four wheel independent suspension|Front anti-roll bar|Front dual zone A/C|Front fog lights|Front reading lights|Fully automatic headlights|Garage door transmitter|Heated door mirrors|Heated front seats|Illuminated entry|Knee airbag|Low tire pressure warning|Occupant sensing airbag|Outside temperature display|Overhead airbag|Overhead console|Panic alarm|Passenger door bin|Passenger vanity mirror|Power door mirrors|Power driver seat|Power passenger seat|Power steering|Power windows|Radio data system|Rear anti-roll bar|Rear reading lights|Rear window defroster|Remote keyless entry|Security system|Speed control|Speed-sensing steering|Split folding rear seat|Steering wheel mounted audio controls|Telescoping steering wheel|Tilt steering wheel|Traction control|Trip computer|Variably intermittent wipers|Auto-dimming Rear-View mirror|Speed-Sensitive Wipers|Compass",,19,30.2,,,DriveNation - Saskatoon II,Pentastar 3.6L V6 VVT,Gasoline,41,
TC2276,KMHD84LF2KU831122,F833,U,2019,Hyundai,Elantra,EL64AF20A265,4D Sedan,6-Speed Automatic with Shiftronic,Preferred,4,41063,4,2,FWD,Gray,,,17899,03/10/2020,,,"Wheels: 16"" x 6.5J Aluminum-Alloy|Heated Front Bucket Seats|Premium Cloth Seating Surfaces|Radio: AM/FM/MP3 Audio System|6 Speakers|Air Conditioning|Electronic Stability Control|Front Bucket Seats|Tachometer|ABS brakes|AM/FM radio|Brake assist|Delay-off headlights|Driver door bin|Driver vanity mirror|Dual front impact airbags|Dual front side impact airbags|Front anti-roll bar|Front reading lights|Front wheel independent suspension|Fully automatic headlights|Heated door mirrors|Heated front seats|Heated steering wheel|Illuminated entry|Knee airbag|Occupant sensing airbag|Outside temperature display|Overhead airbag|Overhead console|Panic alarm|Passenger door bin|Passenger vanity mirror|Power door mirrors|Power moonroof|Power steering|Power windows|Rear window defroster|Remote keyless entry|Security system|Speed control|Speed-sensing steering|Split folding rear seat|Steering wheel mounted audio controls|Telescoping steering wheel|Tilt steering wheel|Traction control|Trip computer|Turn signal indicator mirrors|Variably intermittent wipers|Bumpers: body-colour|Exterior Parking Camera Rear|Rear seats Folding position: fold forward seatback",,28.3,36.8,,,DriveNation - Saskatoon II,2.0L I4 MPI DOHC 16V ULEV II 147hp,Gasoline,41,
TC2276,JN1BJ1CR1KW331064,F825,U,2019,Nissan,Qashqai,27019,4D Sport Utility,CVT with Xtronic,S,4,50903,4,2,AWD,White,,,22768,03/04/2020,,,6.39 Axle Ratio|Quick Comfort Heated Front Seats|Cloth Seat Trim|Radio: AM/FM/CD/AUX Audio System w/4 Speakers|Full Tank of Fuel & Floor Mats|4 Speakers|4-Wheel Disc Brakes|Air Conditioning|Electronic Stability Control|Front Bucket Seats|Spoiler|Tachometer|ABS brakes|Alloy wheels|Brake assist|CD player|Driver door bin|Driver vanity mirror|Dual front impact airbags|Dual front side impact airbags|Four wheel independent suspension|Front anti-roll bar|Front reading lights|Heated door mirrors|Heated front seats|Illuminated entry|Low tire pressure warning|Occupant sensing airbag|Outside temperature display|Overhead airbag|Overhead console|Panic alarm|Passenger door bin|Passenger vanity mirror|Power door mirrors|Power steering|Power windows|Radio data system|Rear anti-roll bar|Rear window defroster|Rear window wiper|Remote keyless entry|Speed control|Split folding rear seat|Sport steering wheel|Steering wheel mounted audio controls|Telescoping steering wheel|Tilt steering wheel|Traction control|Trip computer|Turn signal indicator mirrors|Variably intermittent wipers|Speed-Sensitive Wipers|AM/FM radio: SiriusXM|Bumpers: body-colour|Rear seats Folding position: fold forward seatback,,25.8,30.9,,,DriveNation - Saskatoon II,2.0L DOHC,Gasoline,47,
TC2276,KM8J3CA42KU972835,F821,U,2019,Hyundai,Tucson,TU3SAA20B200,4D Sport Utility,6-Speed Automatic with Overdrive,Preferred,4,33788,4,2,AWD,Gemstone Red,,,24240,02/27/2020,,,"3.648 Axle Ratio|Wheels: 17"" x 7.0J Aluminum|Heated Front Bucket Seats (3-Steps)|Cloth Seat Trim|Radio: AM/FM/MP3 Audio System|4-Wheel Disc Brakes|6 Speakers|Air Conditioning|Electronic Stability Control|Front Bucket Seats|Leather Shift Knob|Spoiler|Tachometer|ABS brakes|AM/FM radio|Adjustable head restraints: driver and passenger w/tilt|Anti-whiplash front head restraints|Brake assist|Delay-off headlights|Driver door bin|Driver vanity mirror|Dual front impact airbags|Dual front side impact airbags|Four wheel independent suspension|Front anti-roll bar|Front fog lights|Front reading lights|Fully automatic headlights|Heated door mirrors|Heated front seats|Heated rear seats|Heated steering wheel|Illuminated entry|Occupant sensing airbag|Outside temperature display|Overhead airbag|Overhead console|Panic alarm|Passenger door bin|Passenger vanity mirror|Power door mirrors|Power steering|Power windows|Rear anti-roll bar|Rear window defroster|Rear window wiper|Remote keyless entry|Roof rack: rails only|Security system|Speed control|Split folding rear seat|Steering wheel mounted audio controls|Telescoping steering wheel|Tilt steering wheel|Traction control|Trip computer|Turn signal indicator mirrors|Variably intermittent wipers|Bumpers: body-colour|Exterior Parking Camera Rear",,21.8,25.6,,,DriveNation - Saskatoon II,2.0L I4 DGI DOHC 16V LEV3-ULEV70 161hp,Gasoline,53,
TC2276,5XYPHDA34KG591261,F818,U,2019,Kia,Sorento,C6W7L6A1GGG163,4D Sport Utility,6-Speed Automatic with Sportmatic,EX,4,16390,4,2.4,AWD,Snow White Pearl,Black Leather,,27438,02/25/2020,,,3.648 Axle Ratio|Heated Front Bucket Seats|Leather Seat Trim|Radio: AM/FM/MP3|4-Wheel Disc Brakes|6 Speakers|Air Conditioning|Electronic Stability Control|Front Bucket Seats|Spoiler|Tachometer|3rd row seats: split-bench|ABS brakes|AM/FM radio|Alloy wheels|Brake assist|Delay-off headlights|Driver door bin|Driver vanity mirror|Dual front impact airbags|Dual front side impact airbags|Four wheel independent suspension|Front anti-roll bar|Front fog lights|Front reading lights|Fully automatic headlights|Heated door mirrors|Heated front seats|Heated steering wheel|Illuminated entry|Leather steering wheel|Occupant sensing airbag|Outside temperature display|Overhead airbag|Overhead console|Panic alarm|Passenger door bin|Passenger vanity mirror|Power door mirrors|Power driver seat|Power steering|Power windows|Radio data system|Rear anti-roll bar|Rear window defroster|Rear window wiper|Remote keyless entry|Roof rack: rails only|Security system|Speed control|Speed-sensing steering|Split folding rear seat|Steering wheel mounted audio controls|Telescoping steering wheel|Tilt steering wheel|Traction control|Trip computer|Variably intermittent wipers|Bumpers: body-colour|Front centre armrest|Exterior Parking Camera Rear,,21,26.1,,,DriveNation - Saskatoon II,2.4L DOHC,Gasoline,55,
TC2276,1G1PC5SB6E7343338,F843A,U,2014,Chevrolet,Cruze,1PX69,4D Sedan,6-Speed Automatic Electronic with Overdrive,1LT,4,163000,4,1.4,FWD,Black Granite Metallic,,,,04/13/2020,,,"16"" Steel Wheels|Premium Cloth Seat Trim|AM/FM Stereo w/CD Player/MP3 Playback|Air Conditioning w/Climate Control|3.83 Final Drive Ratio|SiriusXM Satellite Radio|6 Speaker System|6 Speakers|Air Conditioning|Electronic Stability Control|Front Bucket Seats|Tachometer|ABS brakes|Brake assist|CD player|Delay-off headlights|Driver door bin|Driver vanity mirror|Dual front impact airbags|Dual front side impact airbags|Emergency communication system|Front anti-roll bar|Front reading lights|Front wheel independent suspension|Fully automatic headlights|Heated door mirrors|Illuminated entry|Knee airbag|MP3 decoder|Occupant sensing airbag|Outside temperature display|Overhead airbag|Panic alarm|Passenger door bin|Passenger vanity mirror|Power door mirrors|Power steering|Power windows|Radio data system|Rear side impact airbag|Rear window defroster|Remote keyless entry|Security system|Speed control|Speed-sensing steering|Split folding rear seat|Telescoping steering wheel|Tilt steering wheel|Traction control|Trip computer|Variably intermittent wipers|Front beverage holders|Compass|AM/FM radio: SiriusXM|Bumpers: body-colour",,30.2,45.2,,,DriveNation - Saskatoon II,ECOTEC 1.4L I4 SMPI DOHC Turbocharged VVT,Gasoline,7,